{"cameraMode":{"drawMode":0,"name":"Shaded","section":"Shading Mode"},"sceneLighting":true,"audioPlay":false,"sceneViewState":{"showFog":true,"showMaterialUpdate":true,"showSkybox":true,"showFlares":true,"showImageEffects":true,"showParticleSystems":true,"showVisualEffectGraphs":true,"m_FxEnabled":true},"in2DMode":false,"pivot":{"x":484.4974670410156,"y":3.70680570602417,"z":555.019775390625},"rotation":{"x":0.01830814965069294,"y":0.0006244241376407445,"z":-0.00002162613054679241,"w":0.9998776316642761},"size":1.2207326889038087,"orthographic":false}