{"cameraMode":{"drawMode":0,"name":"Shaded","section":"Shading Mode"},"sceneLighting":false,"audioPlay":false,"sceneViewState":{"showFog":true,"showMaterialUpdate":true,"showSkybox":false,"showFlares":true,"showImageEffects":true,"showParticleSystems":true,"showVisualEffectGraphs":true,"m_FxEnabled":true},"in2DMode":false,"pivot":{"x":0.8408435583114624,"y":1.2951525449752808,"z":-0.22360104322433473},"rotation":{"x":0.017317622900009157,"y":0.8472496271133423,"z":0.027721522375941278,"w":-0.5302383303642273},"size":0.9055384993553162,"orthographic":false}