{"cameraMode":{"drawMode":0,"name":"Shaded","section":"Shading Mode"},"sceneLighting":false,"audioPlay":false,"sceneViewState":{"showFog":true,"showMaterialUpdate":true,"showSkybox":false,"showFlares":true,"showImageEffects":true,"showParticleSystems":true,"showVisualEffectGraphs":true,"m_FxEnabled":true},"in2DMode":false,"pivot":{"x":0.4158990681171417,"y":0.009760856628417969,"z":-5.824038505554199},"rotation":{"x":0.6992513537406921,"y":-0.0008706250810064375,"z":0.0008099413826130331,"w":0.7149348258972168},"size":4.816066741943359,"orthographic":false}