{"cameraMode":{"drawMode":0,"name":"Shaded","section":"Shading Mode"},"sceneLighting":false,"audioPlay":false,"sceneViewState":{"showFog":true,"showMaterialUpdate":true,"showSkybox":false,"showFlares":true,"showImageEffects":true,"showParticleSystems":true,"showVisualEffectGraphs":true,"m_FxEnabled":true},"in2DMode":false,"pivot":{"x":548.3396606445313,"y":227.33111572265626,"z":-0.8306884765625},"rotation":{"x":0.01830814965069294,"y":0.0006244241376407445,"z":-0.00002162613054679241,"w":0.9998776316642761},"size":319.7069091796875,"orthographic":false}