{"cameraMode":{"drawMode":0,"name":"Shaded","section":"Shading Mode"},"sceneLighting":false,"audioPlay":false,"sceneViewState":{"showFog":true,"showMaterialUpdate":true,"showSkybox":false,"showFlares":true,"showImageEffects":true,"showParticleSystems":true,"showVisualEffectGraphs":true,"m_FxEnabled":true},"in2DMode":false,"pivot":{"x":-1.7827636003494263,"y":2.2497410774230959,"z":3.459390878677368},"rotation":{"x":0.09168259054422379,"y":-0.004179077222943306,"z":0.00030698280897922814,"w":0.9958199262619019},"size":2.1937296390533449,"orthographic":false}