{"cameraMode":{"drawMode":0,"name":"Shaded","section":"Shading Mode"},"sceneLighting":true,"audioPlay":false,"sceneViewState":{"showFog":true,"showMaterialUpdate":false,"showSkybox":true,"showFlares":true,"showImageEffects":true,"showParticleSystems":true},"in2DMode":false,"pivot":{"x":1.787465214729309,"y":7.9676513671875,"z":5.755182266235352},"rotation":{"x":-0.021295316517353059,"y":-0.032389894127845767,"z":0.0006971627590246499,"w":-0.9992569088935852},"size":13.564382553100586,"orthographic":false}