{"cameraMode":{"drawMode":0,"name":"Shaded","section":"Shading Mode"},"sceneLighting":true,"audioPlay":false,"sceneViewState":{"showFog":true,"showMaterialUpdate":true,"showSkybox":true,"showFlares":true,"showImageEffects":true,"showParticleSystems":true},"in2DMode":false,"pivot":{"x":469.7705078125,"y":16.543651580810548,"z":587.95166015625},"rotation":{"x":-0.10061093419790268,"y":0.02447301708161831,"z":-0.002456056419759989,"w":-0.9946481585502625},"size":28.53718376159668,"orthographic":false}