{"cameraMode":{"drawMode":0,"name":"Shaded","section":"Shading Mode"},"sceneLighting":true,"audioPlay":false,"sceneViewState":{"showFog":true,"showMaterialUpdate":false,"showSkybox":false,"showFlares":true,"showImageEffects":true,"showParticleSystems":true},"in2DMode":false,"pivot":{"x":12.41434097290039,"y":54.062129974365237,"z":-53.683837890625},"rotation":{"x":0.26628565788269045,"y":0.18537434935569764,"z":-0.052271001040935519,"w":0.9444734454154968},"size":43.761741638183597,"orthographic":false}