{"cameraMode":{"drawMode":0,"name":"Shaded","section":"Shading Mode"},"sceneLighting":true,"audioPlay":false,"sceneViewState":{"showFog":true,"showMaterialUpdate":true,"showSkybox":true,"showFlares":true,"showImageEffects":true,"showParticleSystems":true},"in2DMode":false,"pivot":{"x":484.0372619628906,"y":-2.765946388244629,"z":573.9650268554688},"rotation":{"x":-0.2911112904548645,"y":0.050774771720170978,"z":-0.015452244319021702,"w":-0.9552426934242249},"size":14.462586402893067,"orthographic":false}