{"cameraMode":{"drawMode":0,"name":"Shaded","section":"Shading Mode"},"sceneLighting":false,"audioPlay":false,"sceneViewState":{"showFog":true,"showMaterialUpdate":false,"showSkybox":false,"showFlares":true,"showImageEffects":true,"showParticleSystems":true},"in2DMode":false,"pivot":{"x":-0.08223199844360352,"y":0.050576210021972659,"z":7.181832790374756},"rotation":{"x":-0.694897472858429,"y":-0.007137073669582605,"z":0.006865857634693384,"w":-0.7190630435943604},"size":8.84119701385498,"orthographic":false}