{"cameraMode":{"drawMode":0,"name":"Shaded","section":"Shading Mode"},"sceneLighting":true,"audioPlay":false,"sceneViewState":{"showFog":true,"showMaterialUpdate":true,"showSkybox":true,"showFlares":true,"showImageEffects":true,"showParticleSystems":true},"in2DMode":false,"pivot":{"x":478.8827209472656,"y":5.381862640380859,"z":559.23095703125},"rotation":{"x":0.220401793718338,"y":-0.11497670412063599,"z":0.026168953627347947,"w":0.9682773947715759},"size":9.467055320739746,"orthographic":false}