{"cameraMode":{"drawMode":0,"name":"Shaded","section":"Shading Mode"},"sceneLighting":false,"audioPlay":false,"sceneViewState":{"showFog":true,"showMaterialUpdate":false,"showSkybox":false,"showFlares":true,"showImageEffects":true,"showParticleSystems":true},"in2DMode":false,"pivot":{"x":153.415771484375,"y":-158.623291015625,"z":734.263671875},"rotation":{"x":-0.1953531950712204,"y":0.043231651186943057,"z":-0.008617672137916088,"w":-0.9797540307044983},"size":4420.4267578125,"orthographic":false}