{"cameraMode":{"drawMode":0,"name":"Shaded","section":"Shading Mode"},"sceneLighting":true,"audioPlay":false,"sceneViewState":{"showFog":true,"showMaterialUpdate":true,"showSkybox":true,"showFlares":true,"showImageEffects":true,"showParticleSystems":true},"in2DMode":false,"pivot":{"x":485.96600341796877,"y":9.92591381072998,"z":586.599609375},"rotation":{"x":-0.10061093419790268,"y":0.02447301708161831,"z":-0.002456056419759989,"w":-0.9946481585502625},"size":20.905881881713868,"orthographic":false}